Station ID,Complex ID,GTFS Stop,Division,Line,Stop Name,Borough,Daytime Ro,Structure,GTFS Latit,GTFS Longi,North Dire,South Dire,ADA,ADA Notes
"1","1",R01,BMT,Astoria,Astoria-Ditmars Blvd,Q,N W,Elevated,40.775036000000000,-73.912034000000006,,Manhattan,"0",
"2","2",R03,BMT,Astoria,Astoria Blvd,Q,N W,Elevated,40.770257999999998,-73.917843000000005,Ditmars Blvd,Manhattan,"1",
"3","3",R04,BMT,Astoria,30 Av,Q,N W,Elevated,40.766779000000000,-73.921479000000005,Astoria - Ditmars Blvd,Manhattan,"0",
"4","4",R05,BMT,Astoria,Broadway,Q,N W,Elevated,40.761820000000000,-73.925507999999994,Astoria - Ditmars Blvd,Manhattan,"0",
"5","5",R06,BMT,Astoria,36 Av,Q,N W,Elevated,40.756804000000002,-73.929575000000000,Astoria - Ditmars Blvd,Manhattan,"0",
"6","6",R08,BMT,Astoria,39 Av-Dutch Kills,Q,N W,Elevated,40.752882000000000,-73.932755000000000,Astoria - Ditmars Blvd,Manhattan,"0",
"7","613",R11,BMT,Astoria,Lexington Av/59 St,M,N W R,Subway,40.762659999999997,-73.967258000000001,Queens,Downtown & Brooklyn,"0",
"8","8",R13,BMT,Astoria,5 Av/59 St,M,N W R,Subway,40.764811000000002,-73.973347000000004,Queens,Downtown & Brooklyn,"0",
"9","9",R14,BMT,Broadway - Brighton,57 St-7 Av,M,N Q R W,Subway,40.764664000000003,-73.980658000000005,Uptown & Queens,Downtown & Brooklyn,"0",
"10","10",R15,BMT,Broadway - Brighton,49 St,M,N R W,Subway,40.759900999999999,-73.984138999999999,Uptown & Queens,Downtown & Brooklyn,"2",Uptown only
"11","611",R16,BMT,Broadway - Brighton,Times Sq-42 St,M,N Q R W,Subway,40.754671999999999,-73.986754000000005,Uptown & Queens,Downtown & Brooklyn,"1",
"12","607",R17,BMT,Broadway - Brighton,34 St-Herald Sq,M,N Q R W,Subway,40.749566999999999,-73.987949999999998,Uptown & Queens,Downtown & Brooklyn,"1",
"13","13",R18,BMT,Broadway - Brighton,28 St,M,R W,Subway,40.745494000000001,-73.988691000000003,Uptown & Queens,Downtown & Brooklyn,"0",
"14","14",R19,BMT,Broadway - Brighton,23 St,M,R W,Subway,40.741303000000002,-73.989344000000003,Uptown & Queens,Downtown & Brooklyn,"0",
"15","602",R20,BMT,Broadway - Brighton,14 St-Union Sq,M,N Q R W,Subway,40.735736000000003,-73.990567999999996,Uptown & Queens,Downtown & Brooklyn,"1",
"16","16",R21,BMT,Broadway - Brighton,8 St-NYU,M,R W,Subway,40.730328000000000,-73.992628999999994,Uptown & Queens,Downtown & Brooklyn,"0",
"17","17",R22,BMT,Broadway - Brighton,Prince St,M,R W,Subway,40.724328999999997,-73.997702000000004,Uptown & Queens,Downtown & Brooklyn,"0",
"18","623",R23,BMT,Broadway,Canal St,M,R W,Subway,40.719526999999999,-74.001774999999995,Uptown & Queens,Downtown & Brooklyn,"0",
"19","623",Q01,BMT,Manhattan Bridge,Canal St,M,N Q,Subway,40.718383000000003,-74.000460000000004,Uptown & Queens,Downtown & Brooklyn,"0",
"20","20",R24,BMT,Broadway,City Hall,M,R W,Subway,40.713282000000000,-74.006978000000004,Uptown & Queens,Downtown & Brooklyn,"0",
"21","624",R25,BMT,Broadway,Cortlandt St,M,R W,Subway,40.710667999999998,-74.011028999999994,Uptown & Queens,Downtown & Brooklyn,"1",
"22","22",R26,BMT,Broadway,Rector St,M,R W,Subway,40.707220000000000,-74.013341999999994,Uptown & Queens,Downtown & Brooklyn,"0",
"23","635",R27,BMT,Broadway,Whitehall St-South Ferry,M,R W,Subway,40.703086999999996,-74.012994000000006,Uptown & Queens,Brooklyn,"0",
"24","620",R28,BMT,Broadway,Court St,Bk,R,Subway,40.694099999999999,-73.991776999999999,Manhattan,Bay Ridge - 95 St,"0",
"25","636",R29,BMT,Broadway,Jay St-MetroTech,Bk,R,Subway,40.692180000000000,-73.985941999999994,Manhattan,Bay Ridge - 95 St,"1",
"26","26",R30,BMT,Broadway - Brighton,DeKalb Av,Bk,B Q R,Subway,40.690635000000000,-73.981824000000003,Manhattan,Coney Island - Bay Ridge,"1",
"27","617",R31,BMT,4th Av,Atlantic Av-Barclays Ctr,Bk,D N R,Subway,40.683666000000002,-73.978809999999996,Manhattan,Coney Island - Bay Ridge,"1",
"28","28",R32,BMT,4th Av,Union St,Bk,R,Subway,40.677315999999998,-73.983109999999996,Manhattan,Bay Ridge - 95 St,"0",
"29","608",R33,BMT,4th Av,4 Av-9 St,Bk,R,Subway,40.670847000000002,-73.988302000000004,Manhattan,Bay Ridge - 95 St,"0",
"30","30",R34,BMT,4th Av,Prospect Av,Bk,R,Subway,40.665413999999998,-73.992872000000006,Manhattan,Bay Ridge - 95 St,"0",
"31","31",R35,BMT,4th Av,25 St,Bk,R,Subway,40.660397000000003,-73.998091000000002,Manhattan,Bay Ridge - 95 St,"0",
"32","32",R36,BMT,4th Av,36 St,Bk,D N R,Subway,40.655144000000000,-74.003549000000007,Manhattan,Coney Island - Bay Ridge,"0",
"33","33",R39,BMT,4th Av,45 St,Bk,R,Subway,40.648938999999999,-74.010006000000004,Manhattan,Bay Ridge - 95 St,"0",
"34","34",R40,BMT,4th Av,53 St,Bk,R,Subway,40.645068999999999,-74.014033999999995,Manhattan,Bay Ridge - 95 St,"0",
"35","35",R41,BMT,4th Av,59 St,Bk,N R,Subway,40.641362000000001,-74.017881000000003,Manhattan,Coney Island - Bay Ridge,"0",
"36","36",R42,BMT,4th Av,Bay Ridge Av,Bk,R,Subway,40.634967000000003,-74.023376999999996,Manhattan,95 St,"0",
"37","37",R43,BMT,4th Av,77 St,Bk,R,Subway,40.629742000000000,-74.025509999999997,Manhattan,95 St,"0",
"38","38",R44,BMT,4th Av,86 St,Bk,R,Subway,40.622686999999999,-74.028397999999996,Manhattan,95 St,"1",
"39","39",R45,BMT,4th Av,Bay Ridge-95 St,Bk,R,Subway,40.616622000000000,-74.030876000000006,Manhattan,,"0",
"40","617",D24,BMT,Broadway - Brighton,Atlantic Av-Barclays Ctr,Bk,B Q,Subway,40.684460000000001,-73.976889999999997,Manhattan,Brighton Beach & Coney Island,"1",
"41","41",D25,BMT,Broadway - Brighton,7 Av,Bk,B Q,Subway,40.677050000000001,-73.972367000000006,Manhattan,Brighton Beach & Coney Island,"0",
"42","42",D26,BMT,Broadway - Brighton,Prospect Park,Bk,B Q,Open Cut,40.661614000000000,-73.962245999999993,Manhattan & Franklin Av,Brighton Beach & Coney Island,"1",
"43","43",D27,BMT,Broadway - Brighton,Parkside Av,Bk,B Q,Open Cut,40.655292000000003,-73.961494999999999,Manhattan,Brighton Beach & Coney Island,"0",
"44","44",D28,BMT,Broadway - Brighton,Church Av,Bk,B Q,Open Cut,40.650526999999997,-73.962981999999997,Manhattan,Brighton Beach & Coney Island,"0",
"45","45",D29,BMT,Broadway - Brighton,Beverley Rd,Bk,B Q,Open Cut,40.644030999999998,-73.964492000000007,Manhattan,Brighton Beach & Coney Island,"0",
"46","46",D30,BMT,Broadway - Brighton,Cortelyou Rd,Bk,B Q,Open Cut,40.640926999999998,-73.963891000000004,Manhattan,Brighton Beach & Coney Island,"0",
"47","47",D31,BMT,Broadway - Brighton,Newkirk Plaza,Bk,B Q,Open Cut,40.635081999999997,-73.962793000000005,Manhattan,Brighton Beach & Coney Island,"0",
"48","48",D32,BMT,Broadway - Brighton,Avenue H,Bk,B Q,Open Cut,40.629269999999998,-73.961639000000005,Manhattan,Brighton Beach & Coney Island,"2",Coney Island-bound only
"49","49",D33,BMT,Broadway - Brighton,Avenue J,Bk,B Q,Open Cut,40.625039000000001,-73.960802999999999,Manhattan,Brighton Beach & Coney Island,"0",
"50","50",D34,BMT,Broadway - Brighton,Avenue M,Bk,B Q,Open Cut,40.617618000000000,-73.959399000000005,Manhattan,Brighton Beach & Coney Island,"0",
"51","51",D35,BMT,Broadway - Brighton,Kings Hwy,Bk,B Q,Open Cut,40.608669999999996,-73.957734000000002,Manhattan,Brighton Beach & Coney Island,"1",
"52","52",D37,BMT,Broadway - Brighton,Avenue U,Bk,B Q,Open Cut,40.599299999999999,-73.955928999999998,Manhattan,Brighton Beach & Coney Island,"0",
"53","53",D38,BMT,Broadway - Brighton,Neck Rd,Bk,B Q,Open Cut,40.595246000000003,-73.955161000000004,Manhattan,Brighton Beach & Coney Island,"0",
"54","54",D39,BMT,Broadway - Brighton,Sheepshead Bay,Bk,B Q,Open Cut,40.586896000000003,-73.954155000000000,Manhattan,Brighton Beach & Coney Island,"0",
"55","55",D40,BMT,Broadway - Brighton,Brighton Beach,Bk,B Q,Elevated,40.577621000000001,-73.961376000000001,Manhattan,Coney Island,"0",
"56","56",D41,BMT,Broadway - Brighton,Ocean Pkwy,Bk,Q,Elevated,40.576312000000001,-73.968501000000003,Manhattan,Stillwell Av,"0",
"57","57",D42,BMT,Broadway - Brighton,W 8 St-NY Aquarium,Bk,F Q,Elevated,40.576127000000000,-73.975938999999997,Manhattan,Stillwell Av,"0",
"58","58",D43,BMT,Sea Beach / West End / Culver / Brighton,Coney Island-Stillwell Av,Bk,D F N Q,Viaduct,40.577421999999999,-73.981233000000003,Manhattan,,"1",
"59","59",B12,BMT,West End,9 Av,Bk,D,Open Cut,40.646292000000003,-73.994324000000006,Manhattan,Coney Island,"0",
"60","60",B13,BMT,West End,Fort Hamilton Pkwy,Bk,D,Elevated,40.640914000000002,-73.994304000000000,Manhattan,Coney Island,"0",
"61","61",B14,BMT,West End,50 St,Bk,D,Elevated,40.636260000000000,-73.994791000000006,Manhattan,Coney Island,"0",
"62","62",B15,BMT,West End,55 St,Bk,D,Elevated,40.631435000000003,-73.995475999999996,Manhattan,Coney Island,"0",
"63","615",B16,BMT,West End,62 St,Bk,D,Elevated,40.626472000000000,-73.996894999999995,Manhattan,Coney Island,"1",
"64","64",B17,BMT,West End,71 St,Bk,D,Elevated,40.619588999999998,-73.998863999999998,Manhattan,Coney Island,"0",
"65","65",B18,BMT,West End,79 St,Bk,D,Elevated,40.613500999999999,-74.000609999999995,Manhattan,Coney Island,"0",
"66","66",B19,BMT,West End,18 Av,Bk,D,Elevated,40.607953999999999,-74.001735999999994,Manhattan,Coney Island,"0",
"67","67",B20,BMT,West End,20 Av,Bk,D,Elevated,40.604556000000002,-73.998168000000007,Manhattan,Coney Island,"0",
"68","68",B21,BMT,West End,Bay Pkwy,Bk,D,Elevated,40.601875000000000,-73.993728000000004,Manhattan,Coney Island,"1",
"69","69",B22,BMT,West End,25 Av,Bk,D,Elevated,40.597704000000000,-73.986829000000000,Manhattan,Coney Island,"0",
"70","70",B23,BMT,West End,Bay 50 St,Bk,D,Elevated,40.588841000000002,-73.983765000000005,Manhattan,Coney Island,"0",
"71","71",N02,BMT,Sea Beach,8 Av,Bk,N,Open Cut,40.635064000000000,-74.011718999999999,Manhattan,Coney Island,"2",Manhattan-bound only
"72","72",N03,BMT,Sea Beach,Fort Hamilton Pkwy,Bk,N,Open Cut,40.631385999999999,-74.005351000000005,Manhattan,Coney Island,"0",
"73","615",N04,BMT,Sea Beach,New Utrecht Av,Bk,N,Open Cut,40.624842000000001,-73.996352999999999,Manhattan,Coney Island,"1",
"74","74",N05,BMT,Sea Beach,18 Av,Bk,N,Open Cut,40.620671000000002,-73.990414000000001,Manhattan,Coney Island,"0",
"75","75",N06,BMT,Sea Beach,20 Av,Bk,N,Open Cut,40.617410000000000,-73.985026000000005,Manhattan,Coney Island,"0",
"76","76",N07,BMT,Sea Beach,Bay Pkwy,Bk,N,Open Cut,40.611815000000000,-73.981847999999999,Manhattan,Coney Island,"0",
"77","77",N08,BMT,Sea Beach,Kings Hwy,Bk,N,Open Cut,40.603923000000002,-73.980352999999994,Manhattan,Coney Island,"0",
"78","78",N09,BMT,Sea Beach,Avenue U,Bk,N,Open Cut,40.597473000000001,-73.979136999999994,Manhattan,Coney Island,"0",
"79","79",N10,BMT,Sea Beach,86 St,Bk,N,Open Cut,40.592720999999997,-73.978229999999996,Manhattan,Coney Island,"0",
"80","80",J12,BMT,Jamaica,121 St,Q,J Z,Elevated,40.700491999999997,-73.828294000000000,Jamaica,Manhattan,"0",
"81","81",J13,BMT,Jamaica,111 St,Q,J,Elevated,40.697417999999999,-73.836344999999994,Jamaica,Manhattan,"0",
"82","82",J14,BMT,Jamaica,104 St,Q,J Z,Elevated,40.695177999999999,-73.844329999999999,Jamaica,Manhattan,"0",
"83","83",J15,BMT,Jamaica,Woodhaven Blvd,Q,J Z,Elevated,40.693879000000003,-73.851575999999994,Jamaica,Manhattan,"0",
"84","84",J16,BMT,Jamaica,85 St-Forest Pkwy,Q,J,Elevated,40.692435000000003,-73.860010000000003,Jamaica,Manhattan,"0",
"85","85",J17,BMT,Jamaica,75 St-Elderts Ln,Q,J Z,Elevated,40.691324000000002,-73.867138999999995,Jamaica,Manhattan,"0",
"86","86",J19,BMT,Jamaica,Cypress Hills,Bk,J,Elevated,40.689940999999997,-73.872550000000004,Jamaica,Manhattan,"0",
"87","87",J20,BMT,Jamaica,Crescent St,Bk,J Z,Elevated,40.683194000000000,-73.873784999999998,Jamaica,Manhattan,"0",
"88","88",J21,BMT,Jamaica,Norwood Av,Bk,J Z,Elevated,40.681410000000000,-73.880038999999996,Jamaica,Manhattan,"0",
"89","89",J22,BMT,Jamaica,Cleveland St,Bk,J,Elevated,40.679946999999999,-73.884639000000007,Jamaica,Manhattan,"0",
"90","90",J23,BMT,Jamaica,Van Siclen Av,Bk,J Z,Elevated,40.678024000000001,-73.891688000000002,Jamaica,Manhattan,"0",
"91","91",J24,BMT,Jamaica,Alabama Av,Bk,J,Elevated,40.676991999999998,-73.898653999999993,Jamaica,Manhattan,"0",
"92","621",J27,BMT,Jamaica,Broadway Junction,Bk,J Z,Elevated,40.679498000000002,-73.904511999999997,Jamaica,Manhattan,"0",
"93","93",J28,BMT,Jamaica,Chauncey St,Bk,J Z,Elevated,40.682893000000000,-73.910455999999996,Jamaica,Manhattan,"0",
"94","94",J29,BMT,Jamaica,Halsey St,Bk,J,Elevated,40.686369999999997,-73.916559000000007,Jamaica,Manhattan,"0",
"95","95",J30,BMT,Jamaica,Gates Av,Bk,J Z,Elevated,40.689630000000001,-73.922269999999997,Jamaica,Manhattan,"0",
"96","96",J31,BMT,Jamaica,Kosciuszko St,Bk,J,Elevated,40.693342000000001,-73.928814000000003,Jamaica,Manhattan,"0",
"97","97",M11,BMT,Jamaica,Myrtle Av,Bk,J M Z,Elevated,40.697206999999999,-73.935657000000006,Jamaica - Middle Village,Manhattan,"0",
"98","98",M12,BMT,Jamaica,Flushing Av,Bk,J M,Elevated,40.700260000000000,-73.941125999999997,Jamaica - Middle Village,Manhattan,"1",
"99","99",M13,BMT,Jamaica,Lorimer St,Bk,J M,Elevated,40.703868999999997,-73.947407999999996,Jamaica - Middle Village,Manhattan,"0",
"100","100",M14,BMT,Jamaica,Hewes St,Bk,J M,Elevated,40.706870000000002,-73.953430999999995,Jamaica - Middle Village,Manhattan,"0",
"101","101",M16,BMT,Jamaica,Marcy Av,Bk,J M Z,Elevated,40.708359000000002,-73.957757000000001,Jamaica - Middle Village,Manhattan,"1",
"102","625",M18,BMT,Jamaica,Delancey St-Essex St,M,J M Z,Subway,40.718314999999997,-73.987437000000000,Brooklyn,Broad St (JZ) - Uptown (M),"0",
"103","103",M19,BMT,Jamaica,Bowery,M,J Z,Subway,40.720280000000002,-73.993915000000001,Brooklyn,Broad St,"0",
"104","623",M20,BMT,Jamaica,Canal St,M,J Z,Subway,40.718091999999999,-73.999892000000003,Brooklyn,Broad St,"0",
"105","622",M21,BMT,Jamaica,Chambers St,M,J Z,Subway,40.713242999999999,-74.003400999999997,Brooklyn,Broad St,"1",
"106","628",M22,BMT,Jamaica,Fulton St,M,J Z,Subway,40.710374000000002,-74.007581999999999,Brooklyn,Broad St,"1",
"107","107",M23,BMT,Jamaica,Broad St,M,J Z,Subway,40.706476000000002,-74.011055999999996,Brooklyn,,"0",
"108","108",M01,BMT,Myrtle Av,Middle Village-Metropolitan Av,Q,M,Elevated,40.711396000000001,-73.889600999999999,Manhattan,,"1",
"109","109",M04,BMT,Myrtle Av,Fresh Pond Rd,Q,M,Elevated,40.706186000000002,-73.895876999999999,Manhattan,Metropolitan Av,"0",
"110","110",M05,BMT,Myrtle Av,Forest Av,Q,M,Elevated,40.704422999999998,-73.903076999999996,Manhattan,Metropolitan Av,"0",
"111","111",M06,BMT,Myrtle Av,Seneca Av,Q,M,Elevated,40.702762000000000,-73.907740000000004,Manhattan,Metropolitan Av,"0",
"112","630",M08,BMT,Myrtle Av,Myrtle-Wyckoff Avs,Bk,M,Elevated,40.699430000000000,-73.912385000000000,Manhattan,Metropolitan Av,"1",
"113","113",M09,BMT,Myrtle Av,Knickerbocker Av,Bk,M,Elevated,40.698664000000001,-73.919711000000007,Manhattan,Metropolitan Av,"0",
"114","114",M10,BMT,Myrtle Av,Central Av,Bk,M,Elevated,40.697856999999999,-73.927396999999999,Manhattan,Metropolitan Av,"0",
"115","618",L01,BMT,Canarsie,8 Av,M,L,Subway,40.739776999999997,-74.002578000000000,,Brooklyn,"1",
"116","601",L02,BMT,Canarsie,6 Av,M,L,Subway,40.737335000000002,-73.996786000000000,8 Av,Brooklyn,"0",
"117","602",L03,BMT,Canarsie,14 St-Union Sq.,M,L,Subway,40.734788999999999,-73.990729999999999,8 Av,Brooklyn,"1",
"118","118",L05,BMT,Canarsie,3 Av,M,L,Subway,40.732849000000002,-73.986121999999995,8 Av,Brooklyn,"0",
"119","119",L06,BMT,Canarsie,1 Av,M,L,Subway,40.730953000000000,-73.981628000000001,8 Av,Brooklyn,"1",
"120","120",L08,BMT,Canarsie,Bedford Av,Bk,L,Subway,40.717303999999999,-73.956872000000004,Manhattan,Canarsie - Rockaway Parkway,"1",
"121","629",L10,BMT,Canarsie,Lorimer St,Bk,L,Subway,40.714063000000003,-73.950275000000005,Manhattan,Canarsie - Rockaway Parkway,"0",
"122","122",L11,BMT,Canarsie,Graham Av,Bk,L,Subway,40.714565000000000,-73.944052999999997,Manhattan,Canarsie - Rockaway Parkway,"0",
"123","123",L12,BMT,Canarsie,Grand St,Bk,L,Subway,40.711925999999998,-73.940669999999997,Manhattan,Canarsie - Rockaway Parkway,"0",
"124","124",L13,BMT,Canarsie,Montrose Av,Bk,L,Subway,40.707738999999997,-73.939850000000007,Manhattan,Canarsie - Rockaway Parkway,"0",
"125","125",L14,BMT,Canarsie,Morgan Av,Bk,L,Subway,40.706152000000003,-73.933147000000005,Manhattan,Canarsie - Rockaway Parkway,"0",
"126","126",L15,BMT,Canarsie,Jefferson St,Bk,L,Subway,40.706606999999998,-73.922912999999994,Manhattan,Canarsie - Rockaway Parkway,"0",
"127","127",L16,BMT,Canarsie,DeKalb Av,Bk,L,Subway,40.703811000000002,-73.918424999999999,Manhattan,Canarsie - Rockaway Parkway,"0",
"128","630",L17,BMT,Canarsie,Myrtle-Wyckoff Avs,Bk,L,Subway,40.699814000000003,-73.911586000000000,Manhattan,Canarsie - Rockaway Parkway,"1",
"129","129",L19,BMT,Canarsie,Halsey St,Q,L,Subway,40.695602000000001,-73.904083999999997,Manhattan,Canarsie - Rockaway Parkway,"0",
"130","130",L20,BMT,Canarsie,Wilson Av,Bk,L,Subway,40.688763999999999,-73.904045999999994,Manhattan,Canarsie - Rockaway Parkway,"2",Manhattan-bound only
"131","131",L21,BMT,Canarsie,Bushwick Av-Aberdeen St,Bk,L,Subway,40.682828999999998,-73.905248999999998,Manhattan,Canarsie - Rockaway Parkway,"0",
"132","621",L22,BMT,Canarsie,Broadway Junction,Bk,L,Elevated,40.678856000000003,-73.903239999999997,Manhattan,Canarsie - Rockaway Parkway,"0",
"133","133",L24,BMT,Canarsie,Atlantic Av,Bk,L,Elevated,40.675345000000000,-73.903097000000002,Manhattan,Canarsie - Rockaway Parkway,"0",
"134","134",L25,BMT,Canarsie,Sutter Av,Bk,L,Elevated,40.669367000000001,-73.901974999999993,Manhattan,Canarsie - Rockaway Parkway,"0",
"135","135",L26,BMT,Canarsie,Livonia Av,Bk,L,Elevated,40.664037999999998,-73.900570999999999,Manhattan,Canarsie - Rockaway Parkway,"0",
"136","136",L27,BMT,Canarsie,New Lots Av,Bk,L,Elevated,40.658732999999998,-73.899231999999998,Manhattan,Canarsie - Rockaway Parkway,"0",
"137","137",L28,BMT,Canarsie,East 105 St,Bk,L,At Grade,40.650573000000001,-73.899484999999999,Manhattan,Canarsie - Rockaway Parkway,"0",
"138","138",L29,BMT,Canarsie,Canarsie-Rockaway Pkwy,Bk,L,At Grade,40.646653999999998,-73.901849999999996,Manhattan,,"1",
"139","627",S01,BMT,Franklin Shuttle,Franklin Av,Bk,S,Elevated,40.680596000000001,-73.955826999999999,,Prospect Park,"1",
"141","141",S03,BMT,Franklin Shuttle,Park Pl,Bk,S,Open Cut,40.674771999999997,-73.957623999999996,Franklin Av,Prospect Park,"1",
"142","626",S04,BMT,Franklin Shuttle,Botanic Garden,Bk,S,Open Cut,40.670343000000003,-73.959244999999996,Franklin Av,Prospect Park,"0",
"143","143",A02,IND,8th Av - Fulton St,Inwood-207 St,M,A,Subway,40.868071999999998,-73.919899000000001,,Downtown & Brooklyn,"1",
"144","144",A03,IND,8th Av - Fulton St,Dyckman St,M,A,Subway,40.865490999999999,-73.927271000000005,207 St,Downtown & Brooklyn,"0",
"145","145",A05,IND,8th Av - Fulton St,190 St,M,A,Subway,40.859022000000003,-73.934179999999998,207 St,Downtown & Brooklyn,"0",
"146","146",A06,IND,8th Av - Fulton St,181 St,M,A,Subway,40.851694999999999,-73.937968999999995,207 St,Downtown & Brooklyn,"0",
"147","147",A07,IND,8th Av - Fulton St,175 St,M,A,Subway,40.847391000000002,-73.939704000000006,207 St,Downtown & Brooklyn,"1",
"148","605",A09,IND,8th Av - Fulton St,168 St,M,A C,Subway,40.840719000000000,-73.939560999999998,207 St,Downtown & Brooklyn,"1",
"149","149",A10,IND,8th Av - Fulton St,163 St-Amsterdam Av,M,C,Subway,40.836013000000001,-73.939892000000000,Uptown,Downtown & Brooklyn,"0",
"150","150",A11,IND,8th Av - Fulton St,155 St,M,C,Subway,40.830517999999998,-73.941513999999998,Uptown,Downtown & Brooklyn,"0",
"151","151",A12,IND,8th Av - Fulton St,145 St,M,A C,Subway,40.824782999999996,-73.944215999999997,Uptown & The Bronx,Downtown & Brooklyn,"0",
"151","151",D13,IND,Concourse,145 St,M,B D,Subway,40.824782999999996,-73.944215999999997,Uptown & The Bronx,Downtown & Brooklyn,"0",
"152","152",A14,IND,8th Av - Fulton St,135 St,M,B C,Subway,40.817894000000003,-73.947648999999998,Uptown & The Bronx,Downtown & Brooklyn,"0",
"153","153",A15,IND,8th Av - Fulton St,125 St,M,A B C D,Subway,40.811109000000002,-73.952342999999999,Uptown & The Bronx,Downtown & Brooklyn,"1",
"154","154",A16,IND,8th Av - Fulton St,116 St,M,B C,Subway,40.805084999999998,-73.954881999999998,Uptown & The Bronx,Downtown & Brooklyn,"0",
"155","155",A17,IND,8th Av - Fulton St,Cathedral Pkwy (110 St),M,B C,Subway,40.800603000000002,-73.958161000000004,Uptown & The Bronx,Downtown & Brooklyn,"0",
"156","156",A18,IND,8th Av - Fulton St,103 St,M,B C,Subway,40.796092000000002,-73.961454000000003,Uptown & The Bronx,Downtown & Brooklyn,"0",
"157","157",A19,IND,8th Av - Fulton St,96 St,M,B C,Subway,40.791642000000003,-73.964696000000004,Uptown & The Bronx,Downtown & Brooklyn,"0",
"158","158",A20,IND,8th Av - Fulton St,86 St,M,B C,Subway,40.785868000000001,-73.968915999999993,Uptown & The Bronx,Downtown & Brooklyn,"0",
"159","159",A21,IND,8th Av - Fulton St,81 St-Museum of Natural History,M,B C,Subway,40.781433000000000,-73.972143000000003,Uptown & The Bronx,Downtown & Brooklyn,"0",
"160","160",A22,IND,8th Av - Fulton St,72 St,M,B C,Subway,40.775593999999998,-73.976410000000001,Uptown & The Bronx,Downtown & Brooklyn,"0",
"161","614",A24,IND,8th Av - Fulton St,59 St-Columbus Circle,M,A B C D,Subway,40.768295999999999,-73.981735999999998,Uptown & The Bronx,Downtown & Brooklyn,"1",
"162","162",A25,IND,8th Av - Fulton St,50 St,M,C E,Subway,40.762456000000000,-73.985984000000002,Uptown - Queens,Downtown & Brooklyn,"2",Downtown only
"163","611",A27,IND,8th Av - Fulton St,42 St-Port Authority Bus Terminal,M,A C E,Subway,40.757308000000002,-73.989734999999996,Uptown - Queens,Downtown & Brooklyn,"1",
"164","164",A28,IND,8th Av - Fulton St,34 St-Penn Station,M,A C E,Subway,40.752287000000003,-73.993391000000003,Uptown - Queens,Downtown & Brooklyn,"1",
"165","165",A30,IND,8th Av - Fulton St,23 St,M,C E,Subway,40.745905999999998,-73.998041000000001,Uptown - Queens,Downtown & Brooklyn,"0",
"166","618",A31,IND,8th Av - Fulton St,14 St,M,A C E,Subway,40.740893000000000,-74.001689999999996,Uptown - Queens,Downtown & Brooklyn,"1",
"167","167",A32,IND,8th Av - Fulton St,W 4 St-Wash Sq,M,A C E,Subway,40.732337999999999,-74.000495000000001,Uptown - Queens,Downtown & Brooklyn,"1",
"167","167",D20,IND,6th Av - Culver,W 4 St-Wash Sq,M,B D F M,Subway,40.732337999999999,-74.000495000000001,Uptown - Queens,Downtown & Brooklyn,"1",
"168","168",A33,IND,8th Av - Fulton St,Spring St,M,C E,Subway,40.726227000000002,-74.003738999999996,Uptown - Queens,Downtown & Brooklyn,"0",
"169","169",A34,IND,8th Av - Fulton St,Canal St,M,A C E,Subway,40.720824000000000,-74.005229000000000,Uptown - Queens,Downtown & Brooklyn,"0",
"170","624",A36,IND,8th Av - Fulton St,Chambers St,M,A C,Subway,40.714111000000003,-74.008584999999997,Uptown,Downtown & Brooklyn,"0",
"171","624",E01,IND,8th Av - Fulton St,World Trade Center,M,E,Subway,40.712581999999998,-74.009781000000004,Uptown & Queens,,"1",
"172","628",A38,IND,8th Av - Fulton St,Fulton St,M,A C,Subway,40.710197000000001,-74.007690999999994,Uptown,Brooklyn,"1",
"173","173",A40,IND,8th Av - Fulton St,High St,Bk,A C,Subway,40.699337000000000,-73.990531000000004,Manhattan,Euclid - Lefferts - Rockaways,"0",
"174","636",A41,IND,8th Av - Fulton St,Jay St-MetroTech,Bk,A C F,Subway,40.692337999999999,-73.987341999999998,Manhattan,Euclid - Lefferts - Rockaways - Coney Island,"1",
"175","175",A42,IND,8th Av - Fulton St,Hoyt-Schermerhorn Sts,Bk,A C G,Subway,40.688484000000003,-73.985000999999997,Manhattan - Church Av,Euclid Av & Queens - Court Sq,"0",
"176","176",A43,IND,8th Av - Fulton St,Lafayette Av,Bk,C,Subway,40.686112999999999,-73.973945999999998,Manhattan,Euclid Av,"0",
"177","177",A44,IND,8th Av - Fulton St,Clinton-Washington Avs,Bk,C,Subway,40.683262999999997,-73.965838000000005,Manhattan,Euclid Av,"0",
"178","627",A45,IND,8th Av - Fulton St,Franklin Av,Bk,C,Subway,40.681379999999997,-73.956847999999994,Manhattan,Euclid Av,"1",
"179","179",A46,IND,8th Av - Fulton St,Nostrand Av,Bk,A C,Subway,40.680438000000002,-73.950425999999993,Manhattan,Euclid - Lefferts - Rockaways,"0",
"180","180",A47,IND,8th Av - Fulton St,Kingston-Throop Avs,Bk,C,Subway,40.679921000000000,-73.940858000000006,Manhattan,Euclid Av,"0",
"181","181",A48,IND,8th Av - Fulton St,Utica Av,Bk,A C,Subway,40.679364000000000,-73.930728999999999,Manhattan,Euclid - Lefferts - Rockaways,"1",
"182","182",A49,IND,8th Av - Fulton St,Ralph Av,Bk,C,Subway,40.678821999999997,-73.920786000000007,Manhattan,Euclid Av,"0",
"183","183",A50,IND,8th Av - Fulton St,Rockaway Av,Bk,C,Subway,40.678339999999999,-73.911946000000000,Manhattan,Euclid Av,"0",
"184","621",A51,IND,8th Av - Fulton St,Broadway Junction,Bk,A C,Subway,40.678334000000000,-73.905315999999999,Manhattan,Euclid - Lefferts - Rockaways,"0",
"185","185",A52,IND,8th Av - Fulton St,Liberty Av,Bk,C,Subway,40.674542000000002,-73.896547999999996,Manhattan,Euclid Av,"0",
"186","186",A53,IND,8th Av - Fulton St,Van Siclen Av,Bk,C,Subway,40.672710000000002,-73.890358000000006,Manhattan,Euclid Av,"0",
"187","187",A54,IND,8th Av - Fulton St,Shepherd Av,Bk,C,Subway,40.674129999999998,-73.880750000000006,Manhattan,Euclid Av,"0",
"188","188",A55,IND,8th Av - Fulton St,Euclid Av,Bk,A C,Subway,40.675376999999997,-73.872106000000002,Manhattan,Lefferts - Rockaways,"1",
"189","189",A57,IND,Liberty Av,Grant Av,Bk,A,Subway,40.677044000000002,-73.865049999999997,Manhattan,Lefferts - Rockaways,"0",
"190","190",A59,IND,Liberty Av,80 St,Q,A,Elevated,40.679371000000003,-73.858992000000001,Manhattan,Lefferts - Rockaways,"0",
"191","191",A60,IND,Liberty Av,88 St,Q,A,Elevated,40.679842999999998,-73.851470000000006,Manhattan,Lefferts - Rockaways,"0",
"192","192",A61,IND,Liberty Av,Rockaway Blvd,Q,A,Elevated,40.680428999999997,-73.843852999999996,Manhattan,Lefferts - Rockaways,"0",
"193","193",A63,IND,Liberty Av,104 St,Q,A,Elevated,40.681711000000000,-73.837682999999998,Manhattan,Lefferts Blvd,"0",
"194","194",A64,IND,Liberty Av,111 St,Q,A,Elevated,40.684331000000000,-73.832162999999994,Manhattan,Lefferts Blvd,"0",
"195","195",A65,IND,Liberty Av,Ozone Park-Lefferts Blvd,Q,A,Elevated,40.685951000000003,-73.825798000000006,Manhattan,,"1",
"196","196",H01,IND,Rockaway,Aqueduct Racetrack,Q,A,At Grade,40.672097000000001,-73.835919000000004,Manhattan,Rockaways,"1",
"197","197",H02,IND,Rockaway,Aqueduct-N Conduit Av,Q,A,At Grade,40.668233999999998,-73.834057999999999,Manhattan,Rockaways,"0",
"198","198",H03,IND,Rockaway,Howard Beach-JFK Airport,Q,A,At Grade,40.660476000000003,-73.830301000000006,Manhattan,Rockaways,"1",
"199","199",H04,IND,Rockaway,Broad Channel,Q,A S,At Grade,40.608381999999999,-73.815924999999993,Manhattan,Rockaways,"0",
"200","200",H12,IND,Rockaway,Beach 90 St,Q,A S,Viaduct,40.588034000000000,-73.813641000000004,Manhattan,Rockaway Park,"0",
"201","201",H13,IND,Rockaway,Beach 98 St,Q,A S,Viaduct,40.585307000000000,-73.820558000000005,Manhattan,Rockaway Park,"0",
"202","202",H14,IND,Rockaway,Beach 105 St,Q,A S,Viaduct,40.583208999999997,-73.827558999999994,Manhattan,Rockaway Park,"0",
"203","203",H15,IND,Rockaway,Rockaway Park-Beach 116 St,Q,A S,At Grade,40.580902999999999,-73.835592000000005,Manhattan,,"1",
"204","204",H06,IND,Rockaway,Beach 67 St,Q,A,Viaduct,40.590927000000001,-73.796924000000004,Manhattan,Far Rockaway,"0",
"205","205",H07,IND,Rockaway,Beach 60 St,Q,A,Viaduct,40.592374000000000,-73.788522000000000,Manhattan,Far Rockaway,"0",
"206","206",H08,IND,Rockaway,Beach 44 St,Q,A,Viaduct,40.592942999999998,-73.776013000000006,Manhattan,Far Rockaway,"0",
"207","207",H09,IND,Rockaway,Beach 36 St,Q,A,Viaduct,40.595398000000003,-73.768174999999999,Manhattan,Far Rockaway,"0",
"208","208",H10,IND,Rockaway,Beach 25 St,Q,A,Viaduct,40.600065999999998,-73.761353000000000,Manhattan,Far Rockaway,"0",
"209","209",H11,IND,Rockaway,Far Rockaway-Mott Av,Q,A,Viaduct,40.603994999999998,-73.755404999999996,Manhattan,,"1",
"210","210",D01,IND,Concourse,Norwood-205 St,Bx,D,Subway,40.874811000000001,-73.878855000000001,,Manhattan,"0",
"211","211",D03,IND,Concourse,Bedford Park Blvd,Bx,B D,Subway,40.873244000000000,-73.887137999999993,Norwood - 205 St,Manhattan,"1",
"212","212",D04,IND,Concourse,Kingsbridge Rd,Bx,B D,Subway,40.866978000000003,-73.893508999999995,Bedford Pk Blvd & 205 St,Manhattan,"1",
"213","213",D05,IND,Concourse,Fordham Rd,Bx,B D,Subway,40.861296000000003,-73.897749000000005,Bedford Pk Blvd & 205 St,Manhattan,"0",
"214","214",D06,IND,Concourse,182-183 Sts,Bx,B D,Subway,40.856093000000001,-73.900740999999996,Bedford Pk Blvd & 205 St,Manhattan,"0",
"215","215",D07,IND,Concourse,Tremont Av,Bx,B D,Subway,40.850409999999997,-73.905226999999996,Bedford Pk Blvd & 205 St,Manhattan,"0",
"216","216",D08,IND,Concourse,174-175 Sts,Bx,B D,Subway,40.845900000000000,-73.910135999999994,Bedford Pk Blvd & 205 St,Manhattan,"0",
"217","217",D09,IND,Concourse,170 St,Bx,B D,Subway,40.839306000000001,-73.913399999999996,Bedford Pk Blvd & 205 St,Manhattan,"0",
"218","218",D10,IND,Concourse,167 St,Bx,B D,Subway,40.833770999999999,-73.918440000000004,Bedford Pk Blvd & 205 St,Manhattan,"0",
"219","604",D11,IND,Concourse,161 St-Yankee Stadium,Bx,B D,Subway,40.827905000000001,-73.925651000000002,Bedford Pk Blvd & 205 St,Manhattan,"1",
"220","220",D12,IND,Concourse,155 St,M,B D,Subway,40.830134999999999,-73.938209000000001,The Bronx,Downtown & Brooklyn,"0",
"221","221",B04,IND,63rd St,21 St-Queensbridge,Q,F,Subway,40.754202999999997,-73.942836000000000,Jamaica,Manhattan,"1",
"222","222",B06,IND,63rd St,Roosevelt Island,M,F,Subway,40.759144999999997,-73.953260000000000,Queens,Manhattan,"1",
"223","223",B08,IND,63rd St,Lexington Av/63 St,M,F Q,Subway,40.764628999999999,-73.966113000000007,Uptown - Queens,Downtown & Brooklyn,"1",
"224","224",B10,IND,6th Av - Culver,57 St,M,F,Subway,40.763972000000003,-73.977450000000005,Uptown & Queens,Downtown & Brooklyn,"0",
"225","225",D15,IND,6th Av - Culver,47-50 Sts-Rockefeller Ctr,M,B D F M,Subway,40.758662999999999,-73.981329000000002,Uptown & The Bronx - Queens,Downtown & Brooklyn,"1",
"226","609",D16,IND,6th Av - Culver,42 St-Bryant Pk,M,B D F M,Subway,40.754221999999999,-73.984568999999993,Uptown & The Bronx - Queens,Downtown & Brooklyn,"0",
"227","607",D17,IND,6th Av - Culver,34 St-Herald Sq,M,B D F M,Subway,40.749718999999999,-73.987823000000006,Uptown & The Bronx - Queens,Downtown & Brooklyn,"1",
"228","228",D18,IND,6th Av - Culver,23 St,M,F M,Subway,40.742877999999997,-73.992821000000006,Uptown & Queens,Downtown & Brooklyn,"0",
"229","601",D19,IND,6th Av - Culver,14 St,M,F M,Subway,40.738227999999999,-73.996208999999993,Uptown & Queens,Downtown & Brooklyn,"0",
"230","619",D21,IND,6th Av - Culver,Broadway-Lafayette St,M,B D F M,Subway,40.725296999999998,-73.996204000000006,Uptown & The Bronx - Queens,Downtown & Brooklyn,"1",
"231","231",D22,IND,6th Av - Culver,Grand St,M,B D,Subway,40.718266999999997,-73.993752999999998,Uptown & The Bronx,Brooklyn,"0",
"232","232",F14,IND,6th Av - Culver,2 Av,M,F,Subway,40.723402000000000,-73.989937999999995,Uptown & Queens,Downtown & Brooklyn,"0",
"233","625",F15,IND,6th Av - Culver,Delancey St-Essex St,M,F,Subway,40.718611000000003,-73.988113999999996,Uptown & Queens,Downtown & Brooklyn,"0",
"234","234",F16,IND,6th Av - Culver,East Broadway,M,F,Subway,40.713715000000001,-73.990172999999999,Uptown & Queens,Brooklyn,"0",
"235","235",F18,IND,6th Av - Culver,York St,Bk,F,Subway,40.701397000000000,-73.986750999999998,Manhattan,Coney Island,"0",
"236","236",F20,IND,6th Av - Culver,Bergen St,Bk,F G,Subway,40.686145000000003,-73.990862000000007,Manhattan - Queens,Church Av - Coney Island,"0",
"237","237",F21,IND,6th Av - Culver,Carroll St,Bk,F G,Subway,40.680303000000002,-73.995047999999997,Manhattan - Queens,Church Av - Coney Island,"0",
"238","238",F22,IND,6th Av - Culver,Smith-9 Sts,Bk,F G,Viaduct,40.673580000000001,-73.995958999999999,Manhattan - Queens,Church Av - Coney Island,"0",
"239","608",F23,IND,6th Av - Culver,4 Av-9 St,Bk,F G,Viaduct,40.670271999999997,-73.989778999999999,Manhattan - Queens,Church Av - Coney Island,"0",
"240","240",F24,IND,6th Av - Culver,7 Av,Bk,F G,Subway,40.666271000000002,-73.980305000000001,Manhattan - Queens,Church Av - Coney Island,"0",
"241","241",F25,IND,6th Av - Culver,15 St-Prospect Park,Bk,F G,Subway,40.660364999999999,-73.979493000000005,Manhattan - Queens,Church Av - Coney Island,"0",
"242","242",F26,IND,6th Av - Culver,Fort Hamilton Pkwy,Bk,F G,Subway,40.650782000000000,-73.975775999999996,Manhattan - Queens,Church Av - Coney Island,"0",
"243","243",F27,IND,6th Av - Culver,Church Av,Bk,F,Subway,40.644041000000001,-73.979678000000007,Manhattan,Coney Island,"1",
"244","244",F29,IND,6th Av - Culver,Ditmas Av,Bk,F,Elevated,40.636119000000001,-73.978172000000001,Manhattan,Coney Island,"0",
"245","245",F30,IND,6th Av - Culver,18 Av,Bk,F,Elevated,40.629755000000003,-73.976971000000006,Manhattan,Coney Island,"0",
"246","246",F31,IND,6th Av - Culver,Avenue I,Bk,F,Elevated,40.625321999999997,-73.976127000000005,Manhattan,Coney Island,"0",
"247","247",F32,IND,6th Av - Culver,Bay Pkwy,Bk,F,Elevated,40.620769000000003,-73.975263999999996,Manhattan,Coney Island,"0",
"248","248",F33,IND,6th Av - Culver,Avenue N,Bk,F,Elevated,40.615139999999997,-73.974197000000004,Manhattan,Coney Island,"0",
"249","249",F34,IND,6th Av - Culver,Avenue P,Bk,F,Elevated,40.608944000000001,-73.973022000000000,Manhattan,Coney Island,"0",
"250","250",F35,IND,6th Av - Culver,Kings Hwy,Bk,F,Elevated,40.603217000000001,-73.972361000000006,Manhattan,Coney Island,"0",
"251","251",F36,IND,6th Av - Culver,Avenue U,Bk,F,Elevated,40.596063000000001,-73.973356999999993,Manhattan,Coney Island,"0",
"252","252",F38,IND,6th Av - Culver,Avenue X,Bk,F,Elevated,40.589619999999996,-73.974249999999998,Manhattan,Coney Island,"0",
"253","253",F39,IND,6th Av - Culver,Neptune Av,Bk,F,Elevated,40.581010999999997,-73.974574000000004,Manhattan,Stillwell Av,"0",
"254","254",F01,IND,Queens Blvd,Jamaica-179 St,Q,F,Subway,40.712645999999999,-73.783816999999999,,Manhattan,"1",
"255","255",F02,IND,Queens Blvd,169 St,Q,F,Subway,40.710470000000001,-73.793604000000002,179 St,Manhattan,"0",
"256","256",F03,IND,Queens Blvd,Parsons Blvd,Q,F,Subway,40.707563999999998,-73.803325999999998,179 St,Manhattan,"0",
"257","257",F04,IND,Queens Blvd,Sutphin Blvd,Q,F,Subway,40.705460000000002,-73.810708000000005,179 St,Manhattan,"0",
"258","258",F05,IND,Queens Blvd,Briarwood,Q,E F,Subway,40.709178999999999,-73.820573999999993,Jamaica,Manhattan,"0",
"259","259",F06,IND,Queens Blvd,Kew Gardens-Union Tpke,Q,E F,Subway,40.714441000000001,-73.831007999999997,Jamaica,Manhattan,"1",
"260","260",F07,IND,Queens Blvd,75 Av,Q,E F,Subway,40.718330999999999,-73.837323999999995,Jamaica,Manhattan,"0",
"261","261",G08,IND,Queens Blvd,Forest Hills-71 Av,Q,E F M R,Subway,40.721691000000000,-73.844521000000000,Jamaica,Manhattan,"1",
"262","262",G09,IND,Queens Blvd,67 Av,Q,M R,Subway,40.726523000000000,-73.852718999999993,Forest Hills,Manhattan,"0",
"263","263",G10,IND,Queens Blvd,63 Dr-Rego Park,Q,M R,Subway,40.729846000000002,-73.861604000000000,Forest Hills,Manhattan,"0",
"264","264",G11,IND,Queens Blvd,Woodhaven Blvd,Q,M R,Subway,40.733105999999999,-73.869229000000004,Forest Hills,Manhattan,"0",
"265","265",G12,IND,Queens Blvd,Grand Av-Newtown,Q,M R,Subway,40.737015000000000,-73.877223000000001,Forest Hills,Manhattan,"0",
"266","266",G13,IND,Queens Blvd,Elmhurst Av,Q,M R,Subway,40.742454000000002,-73.882017000000005,Forest Hills,Manhattan,"0",
"267","616",G14,IND,Queens Blvd,Jackson Hts-Roosevelt Av,Q,E F M R,Subway,40.746644000000003,-73.891338000000005,Forest Hills - Jamaica,Manhattan,"1",
"268","268",G15,IND,Queens Blvd,65 St,Q,M R,Subway,40.749668999999997,-73.898453000000003,Forest Hills,Manhattan,"0",
"269","269",G16,IND,Queens Blvd,Northern Blvd,Q,M R,Subway,40.752884999999999,-73.906006000000005,Forest Hills,Manhattan,"0",
"270","270",G18,IND,Queens Blvd,46 St,Q,M R,Subway,40.756312000000001,-73.913332999999994,Forest Hills,Manhattan,"0",
"271","271",G19,IND,Queens Blvd,Steinway St,Q,M R,Subway,40.756878999999998,-73.920739999999995,Forest Hills,Manhattan,"0",
"272","272",G20,IND,Queens Blvd,36 St,Q,M R,Subway,40.752039000000003,-73.928781000000001,Forest Hills,Manhattan,"0",
"273","273",G21,IND,Queens Blvd,Queens Plaza,Q,E M R,Subway,40.748972999999999,-73.937242999999995,Forest Hills - Jamaica,Manhattan,"1",
"274","606",F09,IND,Queens Blvd,Court Sq-23 St,Q,E M,Subway,40.747846000000003,-73.945999999999998,Forest Hills - Jamaica,Manhattan,"0",
"275","612",F11,IND,Queens Blvd,Lexington Av/53 St,M,E M,Subway,40.757551999999997,-73.969054999999997,Queens,Downtown & Brooklyn,"1",
"276","276",F12,IND,Queens Blvd,5 Av/53 St,M,E M,Subway,40.760167000000003,-73.975223999999997,Queens,Downtown & Brooklyn,"0",
"277","277",D14,IND,Queens Blvd,7 Av,M,B D E,Subway,40.762861999999998,-73.981637000000006,Uptown & The Bronx - Queens,Downtown & Brooklyn,"0",
"278","278",G05,IND,Queens - Archer,Jamaica Center-Parsons/Archer,Q,E J Z,Subway,40.702146999999997,-73.801108999999997,,Manhattan,"1",
"279","279",G06,IND,Queens - Archer,Sutphin Blvd-Archer Av-JFK Airport,Q,E J Z,Subway,40.700485999999998,-73.807969000000000,Jamaica Center,Manhattan,"1",
"280","280",G07,IND,Queens - Archer,Jamaica-Van Wyck,Q,E,Subway,40.702565999999997,-73.816858999999994,Jamaica Center,Manhattan,"1",
"281","606",G22,IND,Crosstown,Court Sq,Q,G,Subway,40.746554000000003,-73.943832000000000,,Brooklyn,"0",
"282","282",G24,IND,Crosstown,21 St,Q,G,Subway,40.744064999999999,-73.949724000000003,Court Sq,Brooklyn,"0",
"283","283",G26,IND,Crosstown,Greenpoint Av,Bk,G,Subway,40.731352000000001,-73.954448999999997,Queens,Church Av,"1",
"284","284",G28,IND,Crosstown,Nassau Av,Bk,G,Subway,40.724634999999999,-73.951277000000005,Queens,Church Av,"0",
"285","629",G29,IND,Crosstown,Metropolitan Av,Bk,G,Subway,40.712792000000000,-73.951418000000004,Queens,Church Av,"0",
"286","286",G30,IND,Crosstown,Broadway,Bk,G,Subway,40.706091999999998,-73.950308000000007,Queens,Church Av,"0",
"287","287",G31,IND,Crosstown,Flushing Av,Bk,G,Subway,40.700377000000003,-73.950233999999995,Queens,Church Av,"0",
"288","288",G32,IND,Crosstown,Myrtle-Willoughby Avs,Bk,G,Subway,40.694567999999997,-73.949045999999996,Queens,Church Av,"0",
"289","289",G33,IND,Crosstown,Bedford-Nostrand Avs,Bk,G,Subway,40.689627000000002,-73.953522000000007,Queens,Church Av,"0",
"290","290",G34,IND,Crosstown,Classon Av,Bk,G,Subway,40.688873000000001,-73.960070000000002,Queens,Church Av,"0",
"291","291",G35,IND,Crosstown,Clinton-Washington Avs,Bk,G,Subway,40.688088999999998,-73.966838999999993,Queens,Church Av,"0",
"292","292",G36,IND,Crosstown,Fulton St,Bk,G,Subway,40.687119000000003,-73.975375000000000,Queens,Church Av,"0",
"293","293","101",IRT,Broadway - 7Av,Van Cortlandt Park-242 St,Bx,"1",Elevated,40.889248000000002,-73.898583000000002,,Manhattan,"0",
"294","294","103",IRT,Broadway - 7Av,238 St,Bx,"1",Elevated,40.884667000000000,-73.900869999999998,242 St,Manhattan,"0",
"295","295","104",IRT,Broadway - 7Av,231 St,Bx,"1",Elevated,40.878855999999999,-73.904833999999994,242 St,Manhattan,"1",
"296","296","106",IRT,Broadway - 7Av,Marble Hill-225 St,M,"1",Elevated,40.874561000000000,-73.909830999999997,242 St,Downtown,"0",
"297","297","107",IRT,Broadway - 7Av,215 St,M,"1",Elevated,40.869444000000001,-73.915278999999998,The Bronx,Downtown,"0",
"298","298","108",IRT,Broadway - 7Av,207 St,M,"1",Elevated,40.864621000000000,-73.918822000000006,Uptown & The Bronx,Downtown,"0",
"299","299","109",IRT,Broadway - 7Av,Dyckman St,M,"1",Elevated,40.860531000000002,-73.925535999999994,Uptown & The Bronx,Downtown,"2",Downtown only
"300","300","110",IRT,Broadway - 7Av,191 St,M,"1",Subway,40.855224999999997,-73.929411999999999,Uptown & The Bronx,Downtown,"0",
"301","301","111",IRT,Broadway - 7Av,181 St,M,"1",Subway,40.849505000000001,-73.933595999999994,Uptown & The Bronx,Downtown,"0",
"302","605","112",IRT,Broadway - 7Av,168 St-Washington Hts,M,"1",Subway,40.840555999999999,-73.940133000000003,Uptown & The Bronx,Downtown,"0",
"303","303","113",IRT,Broadway - 7Av,157 St,M,"1",Subway,40.834040999999999,-73.944890000000001,Uptown & The Bronx,Downtown,"0",
"304","304","114",IRT,Broadway - 7Av,145 St,M,"1",Subway,40.826551000000002,-73.950360000000003,Uptown & The Bronx,Downtown,"0",
"305","305","115",IRT,Broadway - 7Av,137 St-City College,M,"1",Subway,40.822007999999997,-73.953676000000002,Uptown & The Bronx,Downtown,"0",
"306","306","116",IRT,Broadway - 7Av,125 St,M,"1",Elevated,40.815581000000002,-73.958371999999997,Uptown & The Bronx,Downtown,"0",
"307","307","117",IRT,Broadway - 7Av,116 St-Columbia University,M,"1",Subway,40.807721999999998,-73.964110000000005,Uptown & The Bronx,Downtown,"0",
"308","308","118",IRT,Broadway - 7Av,Cathedral Pkwy (110 St),M,"1",Subway,40.803967000000000,-73.966847000000001,Uptown & The Bronx,Downtown,"0",
"309","309","119",IRT,Broadway - 7Av,103 St,M,"1",Subway,40.799446000000003,-73.968378999999999,Uptown & The Bronx,Downtown,"0",
"310","310","120",IRT,Broadway - 7Av,96 St,M,1 2 3,Subway,40.793919000000002,-73.972323000000003,Uptown & The Bronx,Downtown & Brooklyn,"1",
"311","311","121",IRT,Broadway - 7Av,86 St,M,"1",Subway,40.788643999999998,-73.976218000000003,Uptown & The Bronx,Downtown,"0",
"312","312","122",IRT,Broadway - 7Av,79 St,M,"1",Subway,40.783934000000002,-73.979917000000000,Uptown & The Bronx,Downtown,"0",
"313","313","123",IRT,Broadway - 7Av,72 St,M,1 2 3,Subway,40.778452999999999,-73.981970000000004,Uptown & The Bronx,Downtown & Brooklyn,"1",
"314","314","124",IRT,Broadway - 7Av,66 St-Lincoln Center,M,"1",Subway,40.773440000000001,-73.982208999999997,Uptown & The Bronx,Downtown,"1",
"315","614","125",IRT,Broadway - 7Av,59 St-Columbus Circle,M,"1",Subway,40.768247000000002,-73.981928999999994,Uptown & The Bronx,Downtown,"1",
"316","316","126",IRT,Broadway - 7Av,50 St,M,"1",Subway,40.761727999999998,-73.983849000000006,Uptown & The Bronx,Downtown,"0",
"317","611","127",IRT,Broadway - 7Av,Times Sq-42 St,M,1 2 3,Subway,40.755290000000002,-73.987494999999996,Uptown & The Bronx,Downtown & Brooklyn,"1",
"318","318","128",IRT,Broadway - 7Av,34 St-Penn Station,M,1 2 3,Subway,40.750373000000003,-73.991056999999998,Uptown & The Bronx,Downtown & Brooklyn,"1",
"319","319","129",IRT,Broadway - 7Av,28 St,M,"1",Subway,40.747214999999997,-73.993364999999997,Uptown & The Bronx,Downtown,"0",
"320","320","130",IRT,Broadway - 7Av,23 St,M,"1",Subway,40.744081000000001,-73.995656999999994,Uptown & The Bronx,Downtown,"0",
"321","321","131",IRT,Broadway - 7Av,18 St,M,"1",Subway,40.741039999999998,-73.997871000000004,Uptown & The Bronx,Downtown,"0",
"322","601","132",IRT,Broadway - 7Av,14 St,M,1 2 3,Subway,40.737825999999998,-74.000201000000004,Uptown & The Bronx,Downtown & Brooklyn,"0",
"323","323","133",IRT,Broadway - 7Av,Christopher St-Sheridan Sq,M,"1",Subway,40.733421999999997,-74.002905999999996,Uptown & The Bronx,Downtown,"0",
"324","324","134",IRT,Broadway - 7Av,Houston St,M,"1",Subway,40.728251000000000,-74.005367000000007,Uptown & The Bronx,Downtown,"0",
"325","325","135",IRT,Broadway - 7Av,Canal St,M,"1",Subway,40.722853999999998,-74.006276999999997,Uptown & The Bronx,Downtown,"0",
"326","326","136",IRT,Broadway - 7Av,Franklin St,M,"1",Subway,40.719318000000001,-74.006885999999994,Uptown & The Bronx,Downtown,"0",
"327","327","137",IRT,Broadway - 7Av,Chambers St,M,1 2 3,Subway,40.715477999999997,-74.009265999999997,Uptown & The Bronx,Downtown & Brooklyn,"1",
"328","328","138",IRT,Broadway - 7Av,WTC Cortlandt,M,"1",Subway,40.711835000000001,-74.012187999999995,Uptown & The Bronx,Downtown,"1",
"329","329","139",IRT,Broadway - 7Av,Rector St,M,"1",Subway,40.707512999999999,-74.013783000000004,Uptown & The Bronx,Downtown,"0",
"330","635","142",IRT,Broadway - 7Av,South Ferry,M,"1",Subway,40.702067999999997,-74.013664000000006,Uptown & The Bronx,,"1",
"331","624","228",IRT,Clark St,Park Place,M,2 3,Subway,40.713051000000000,-74.008810999999994,Uptown & The Bronx,Downtown & Brooklyn,"0",
"332","628","229",IRT,Clark St,Fulton St,M,2 3,Subway,40.709415999999997,-74.006570999999994,Uptown & The Bronx,Downtown & Brooklyn,"1",
"333","333","230",IRT,Clark St,Wall St,M,2 3,Subway,40.706820999999998,-74.009100000000004,Uptown & The Bronx,Brooklyn,"0",
"334","334","231",IRT,Clark St,Clark St,Bk,2 3,Subway,40.697465999999999,-73.993086000000005,Manhattan,Flatbush - New Lots,"0",
"335","620","232",IRT,Clark St,Borough Hall,Bk,2 3,Subway,40.693218999999999,-73.989998000000000,Manhattan,Flatbush - New Lots,"1",
"336","336","233",IRT,Eastern Pky,Hoyt St,Bk,2 3,Subway,40.690545000000000,-73.985065000000006,Manhattan,Flatbush - New Lots,"0",
"337","337","234",IRT,Eastern Pky,Nevins St,Bk,2 3 4 5,Subway,40.688245999999999,-73.980491999999998,Manhattan,Flatbush - Utica - New Lots,"0",
"338","617","235",IRT,Eastern Pky,Atlantic Av-Barclays Ctr,Bk,2 3 4 5,Subway,40.684359000000001,-73.977665999999999,Manhattan,Flatbush - New Lots,"1",
"339","339","236",IRT,Eastern Pky,Bergen St,Bk,2 3,Subway,40.680829000000003,-73.975098000000003,Manhattan,Flatbush - New Lots,"0",
"340","340","237",IRT,Eastern Pky,Grand Army Plaza,Bk,2 3,Subway,40.675235000000001,-73.971046000000001,Manhattan,Flatbush - New Lots,"0",
"341","341","238",IRT,Eastern Pky,Eastern Pkwy-Brooklyn Museum,Bk,2 3,Subway,40.671987000000001,-73.964375000000004,Manhattan,Flatbush - New Lots,"1",
"342","626","239",IRT,Eastern Pky,Franklin Avenue-Medgar Evers College,Bk,2 3 4 5,Subway,40.670681999999999,-73.958130999999995,Manhattan,Flatbush - Utica - New Lots,"0",
"343","343","248",IRT,Eastern Pky,Nostrand Av,Bk,"3",Subway,40.669846999999997,-73.950466000000006,Manhattan,New Lots,"0",
"344","344","249",IRT,Eastern Pky,Kingston Av,Bk,"3",Subway,40.669398999999999,-73.942160999999999,Manhattan,New Lots,"0",
"345","345","250",IRT,Eastern Pky,Crown Hts-Utica Av,Bk,3 4,Subway,40.668897000000001,-73.932941999999997,Manhattan,New Lots,"1",
"346","346","251",IRT,Eastern Pky,Sutter Av-Rutland Rd,Bk,"3",Elevated,40.664717000000003,-73.922610000000006,Manhattan,New Lots,"0",
"347","347","252",IRT,Eastern Pky,Saratoga Av,Bk,"3",Elevated,40.661453000000002,-73.916326999999995,Manhattan,New Lots,"0",
"348","348","253",IRT,Eastern Pky,Rockaway Av,Bk,"3",Elevated,40.662548999999999,-73.908946000000000,Manhattan,New Lots,"0",
"349","349","254",IRT,Eastern Pky,Junius St,Bk,"3",Elevated,40.663514999999997,-73.902446999999995,Manhattan,New Lots,"0",
"350","350","255",IRT,Eastern Pky,Pennsylvania Av,Bk,"3",Elevated,40.664634999999997,-73.894895000000005,Manhattan,New Lots,"0",
"351","351","256",IRT,Eastern Pky,Van Siclen Av,Bk,"3",Elevated,40.665449000000002,-73.889394999999993,Manhattan,New Lots,"0",
"352","352","257",IRT,Eastern Pky,New Lots Av,Bk,"3",Elevated,40.666235000000000,-73.884079000000000,Manhattan,,"0",
"353","353","241",IRT,Nostrand,President Street-Medgar Evers College,Bk,2 5,Subway,40.667883000000003,-73.950682999999998,Manhattan,Flatbush,"0",
"354","354","242",IRT,Nostrand,Sterling St,Bk,2 5,Subway,40.662742000000001,-73.950850000000003,Manhattan,Flatbush,"0",
"355","355","243",IRT,Nostrand,Winthrop St,Bk,2 5,Subway,40.656652000000001,-73.950199999999995,Manhattan,Flatbush,"0",
"356","356","244",IRT,Nostrand,Church Av,Bk,2 5,Subway,40.650843000000002,-73.949574999999996,Manhattan,Flatbush,"1",
"357","357","245",IRT,Nostrand,Beverly Rd,Bk,2 5,Subway,40.645097999999997,-73.948959000000002,Manhattan,Flatbush,"0",
"358","358","246",IRT,Nostrand,Newkirk Av,Bk,2 5,Subway,40.639966999999999,-73.948410999999993,Manhattan,Flatbush,"0",
"359","359","247",IRT,Nostrand,Flatbush Av-Brooklyn College,Bk,2 5,Subway,40.632835999999998,-73.947642000000002,Manhattan,,"1",
"360","360","601",IRT,Pelham,Pelham Bay Park,Bx,"6",Elevated,40.852462000000003,-73.828120999999996,,Manhattan,"1",
"361","361","602",IRT,Pelham,Buhre Av,Bx,"6",Elevated,40.846809999999998,-73.832569000000007,Pelham Bay Park,Manhattan,"0",
"362","362","603",IRT,Pelham,Middletown Rd,Bx,"6",Elevated,40.843862999999999,-73.836321999999996,Pelham Bay Park,Manhattan,"0",
"363","363","604",IRT,Pelham,Westchester Sq-E Tremont Av,Bx,"6",Elevated,40.839891999999999,-73.842951999999997,Pelham Bay Park,Manhattan,"0",
"364","364","606",IRT,Pelham,Zerega Av,Bx,"6",Elevated,40.836488000000003,-73.847036000000003,Pelham Bay Park,Manhattan,"0",
"365","365","607",IRT,Pelham,Castle Hill Av,Bx,"6",Elevated,40.834254999999999,-73.851222000000007,Pelham Bay Park,Manhattan,"0",
"366","366","608",IRT,Pelham,Parkchester,Bx,"6",Elevated,40.833226000000003,-73.860816000000000,Pelham Bay Park,Manhattan,"0",
"367","367","609",IRT,Pelham,St Lawrence Av,Bx,"6",Elevated,40.831508999999997,-73.867617999999993,Pelham Bay Park,Manhattan,"0",
"368","368","610",IRT,Pelham,Morrison Av-Soundview,Bx,"6",Elevated,40.829521000000000,-73.874516000000000,Pelham Bay Park,Manhattan,"0",
"369","369","611",IRT,Pelham,Elder Av,Bx,"6",Elevated,40.828583999999999,-73.879159000000001,Pelham Bay Park,Manhattan,"0",
"370","370","612",IRT,Pelham,Whitlock Av,Bx,"6",Elevated,40.826524999999997,-73.886283000000006,Pelham Bay Park,Manhattan,"0",
"371","371","613",IRT,Pelham,Hunts Point Av,Bx,"6",Subway,40.820948000000001,-73.890548999999993,Pelham Bay Park,Manhattan,"1",
"372","372","614",IRT,Pelham,Longwood Av,Bx,"6",Subway,40.816104000000003,-73.896434999999997,Pelham Bay Park,Manhattan,"0",
"373","373","615",IRT,Pelham,E 149 St,Bx,"6",Subway,40.812117999999998,-73.904098000000005,Pelham Bay Park,Manhattan,"0",
"374","374","616",IRT,Pelham,E 143 St-St Mary's St,Bx,"6",Subway,40.808719000000004,-73.907657000000000,Pelham Bay Park,Manhattan,"0",
"375","375","617",IRT,Pelham,Cypress Av,Bx,"6",Subway,40.805368000000001,-73.914041999999995,Pelham Bay Park,Manhattan,"0",
"376","376","618",IRT,Pelham,Brook Av,Bx,"6",Subway,40.807566000000001,-73.919240000000002,Pelham Bay Park,Manhattan,"0",
"377","377","619",IRT,Pelham,3 Av-138 St,Bx,"6",Subway,40.810476000000001,-73.926137999999995,Pelham Bay Park,Manhattan,"0",
"378","378","401",IRT,Jerome Av,Woodlawn,Bx,"4",Elevated,40.886037000000002,-73.878750999999994,,Manhattan,"0",
"379","379","402",IRT,Jerome Av,Mosholu Pkwy,Bx,"4",Elevated,40.879750000000001,-73.884654999999995,Woodlawn,Manhattan,"0",
"380","380","405",IRT,Jerome Av,Bedford Park Blvd-Lehman College,Bx,"4",Elevated,40.873412000000002,-73.890063999999995,Woodlawn,Manhattan,"0",
"381","381","406",IRT,Jerome Av,Kingsbridge Rd,Bx,"4",Elevated,40.867759999999997,-73.897174000000007,Woodlawn,Manhattan,"0",
"382","382","407",IRT,Jerome Av,Fordham Rd,Bx,"4",Elevated,40.862803000000000,-73.901033999999996,Woodlawn,Manhattan,"1",
"383","383","408",IRT,Jerome Av,183 St,Bx,"4",Elevated,40.858407000000000,-73.903879000000003,Woodlawn,Manhattan,"0",
"384","384","409",IRT,Jerome Av,Burnside Av,Bx,"4",Elevated,40.853453000000002,-73.907684000000003,Woodlawn,Manhattan,"0",
"385","385","410",IRT,Jerome Av,176 St,Bx,"4",Elevated,40.848480000000002,-73.911794000000000,Woodlawn,Manhattan,"0",
"386","386","411",IRT,Jerome Av,Mt Eden Av,Bx,"4",Elevated,40.844434000000000,-73.914685000000006,Woodlawn,Manhattan,"0",
"387","387","412",IRT,Jerome Av,170 St,Bx,"4",Elevated,40.840074999999999,-73.917790999999994,Woodlawn,Manhattan,"0",
"388","388","413",IRT,Jerome Av,167 St,Bx,"4",Elevated,40.835537000000002,-73.921400000000006,Woodlawn,Manhattan,"0",
"389","604","414",IRT,Jerome Av,161 St-Yankee Stadium,Bx,"4",Elevated,40.827993999999997,-73.925831000000002,Woodlawn,Manhattan,"1",
"390","603","415",IRT,Jerome Av,149 St-Grand Concourse,Bx,"4",Subway,40.818375000000003,-73.927351000000002,Woodlawn,Manhattan,"0",
"391","391","416",IRT,Jerome Av,138 St-Grand Concourse,Bx,4 5,Subway,40.813223999999998,-73.929849000000004,Woodlawn - Eastchester Dyre Av,Manhattan,"0",
"392","392","621",IRT,Lexington Av,125 St,M,4 5 6,Subway,40.804138000000002,-73.937594000000004,The Bronx,Downtown & Brooklyn,"1",
"393","393","622",IRT,Lexington Av,116 St,M,"6",Subway,40.798628999999998,-73.941616999999994,Uptown & The Bronx,Downtown,"0",
"394","394","623",IRT,Lexington Av,110 St,M,"6",Subway,40.795020000000001,-73.944249999999997,Uptown & The Bronx,Downtown,"0",
"395","395","624",IRT,Lexington Av,103 St,M,"6",Subway,40.790599999999998,-73.947478000000004,Uptown & The Bronx,Downtown,"0",
"396","396","625",IRT,Lexington Av,96 St,M,"6",Subway,40.785671999999998,-73.951070000000001,Uptown & The Bronx,Downtown,"0",
"397","397","626",IRT,Lexington Av,86 St,M,4 5 6,Subway,40.779491999999998,-73.955589000000003,Uptown & The Bronx,Downtown & Brooklyn,"2",Uptown 6 only
"398","398","627",IRT,Lexington Av,77 St,M,"6",Subway,40.773620000000001,-73.959873999999999,Uptown & The Bronx,Downtown,"0",
"399","399","628",IRT,Lexington Av,68 St-Hunter College,M,"6",Subway,40.768141000000000,-73.963870000000000,Uptown & The Bronx,Downtown,"0",
"400","613","629",IRT,Lexington Av,59 St,M,4 5 6,Subway,40.762526000000001,-73.967967000000002,Uptown & The Bronx,Downtown & Brooklyn,"0",
"401","612","630",IRT,Lexington Av,51 St,M,"6",Subway,40.757106999999998,-73.971919999999997,Uptown & The Bronx,Downtown,"1",
"402","610","631",IRT,Lexington Av,Grand Central-42 St,M,4 5 6,Subway,40.751776000000000,-73.976848000000004,Uptown & The Bronx,Downtown & Brooklyn,"1",
"403","403","632",IRT,Lexington Av,33 St,M,"6",Subway,40.746080999999997,-73.982076000000006,Uptown & The Bronx,Downtown,"0",
"404","404","633",IRT,Lexington Av,28 St,M,"6",Subway,40.743070000000003,-73.984263999999996,Uptown & The Bronx,Downtown,"2",Downtown only
"405","405","634",IRT,Lexington Av,23 St,M,"6",Subway,40.739863999999997,-73.986598999999998,Uptown & The Bronx,Downtown,"1",
"406","602","635",IRT,Lexington Av,14 St-Union Sq,M,4 5 6,Subway,40.734673000000001,-73.989951000000005,Uptown & The Bronx,Downtown & Brooklyn,"0",
"407","407","636",IRT,Lexington Av,Astor Pl,M,"6",Subway,40.730054000000003,-73.991069999999993,Uptown & The Bronx,Downtown,"0",
"408","619","637",IRT,Lexington Av,Bleecker St,M,"6",Subway,40.725915000000001,-73.994658999999999,Uptown & The Bronx,Downtown,"1",
"409","409","638",IRT,Lexington Av,Spring St,M,"6",Subway,40.722301000000002,-73.997140999999999,Uptown & The Bronx,Downtown,"0",
"410","623","639",IRT,Lexington Av,Canal St,M,"6",Subway,40.718803000000001,-74.000192999999996,Uptown & The Bronx,Downtown,"1",
"411","622","640",IRT,Lexington Av,Brooklyn Bridge-City Hall,M,4 5 6,Subway,40.713065000000000,-74.004131000000001,Uptown & The Bronx,Downtown & Brooklyn,"1",
"412","628","418",IRT,Lexington Av,Fulton St,M,4 5,Subway,40.710368000000003,-74.009508999999994,Uptown & The Bronx,Downtown & Brooklyn,"1",
"413","413","419",IRT,Lexington Av,Wall St,M,4 5,Subway,40.707557000000001,-74.011861999999994,Uptown & The Bronx,Downtown & Brooklyn,"0",
"414","414","420",IRT,Lexington Av,Bowling Green,M,4 5,Subway,40.704816999999998,-74.014065000000002,Uptown & The Bronx,Brooklyn,"1",
"415","620","423",IRT,Eastern Pky,Borough Hall,Bk,4 5,Subway,40.692404000000003,-73.990150999999997,Manhattan,Flatbush - Utica,"2",Manhattan-bound only
"416","416","201",IRT,Lenox - White Plains Rd,Wakefield-241 St,Bx,"2",Elevated,40.903125000000003,-73.850620000000006,,Manhattan,"0",
"417","417","204",IRT,Lenox - White Plains Rd,Nereid Av,Bx,2 5,Elevated,40.898378999999998,-73.854376000000002,Wakefield - 241 St,Manhattan,"0",
"418","418","205",IRT,Lenox - White Plains Rd,233 St,Bx,2 5,Elevated,40.893192999999997,-73.857472999999999,Wakefield - 241 St,Manhattan,"1",
"419","419","206",IRT,Lenox - White Plains Rd,225 St,Bx,2 5,Elevated,40.888021999999999,-73.860341000000005,Wakefield - 241 St,Manhattan,"0",
"420","420","207",IRT,Lenox - White Plains Rd,219 St,Bx,2 5,Elevated,40.883895000000003,-73.862633000000002,Wakefield - 241 St,Manhattan,"0",
"421","421","208",IRT,Lenox - White Plains Rd,Gun Hill Rd,Bx,2 5,Elevated,40.877850000000002,-73.866256000000007,Wakefield - 241 St,Manhattan,"1",
"422","422","209",IRT,Lenox - White Plains Rd,Burke Av,Bx,2 5,Elevated,40.871355999999999,-73.867164000000002,Wakefield - 241 St,Manhattan,"0",
"423","423","210",IRT,Lenox - White Plains Rd,Allerton Av,Bx,2 5,Elevated,40.865462000000001,-73.867351999999997,Wakefield - 241 St,Manhattan,"0",
"424","424","211",IRT,Lenox - White Plains Rd,Pelham Pkwy,Bx,2 5,Elevated,40.857191999999998,-73.867615000000001,Wakefield - 241 St,Manhattan,"1",
"425","425","212",IRT,Lenox - White Plains Rd,Bronx Park East,Bx,2 5,Elevated,40.848827999999997,-73.868457000000006,Wakefield - 241 St,Manhattan,"0",
"426","426","213",IRT,Lenox - White Plains Rd,E 180 St,Bx,2 5,Elevated,40.841894000000003,-73.873487999999995,Wakefield - Eastchester,Manhattan,"1",
"427","427","214",IRT,Lenox - White Plains Rd,West Farms Sq-E Tremont Av,Bx,2 5,Elevated,40.840294999999998,-73.880049000000000,Wakefield - Eastchester,Manhattan,"0",
"428","428","215",IRT,Lenox - White Plains Rd,174 St,Bx,2 5,Elevated,40.837288000000001,-73.887733999999995,Wakefield - Eastchester,Manhattan,"0",
"429","429","216",IRT,Lenox - White Plains Rd,Freeman St,Bx,2 5,Elevated,40.829993000000002,-73.891864999999996,Wakefield - Eastchester,Manhattan,"0",
"430","430","217",IRT,Lenox - White Plains Rd,Simpson St,Bx,2 5,Elevated,40.824072999999999,-73.893063999999995,Wakefield - Eastchester,Manhattan,"1",
"431","431","218",IRT,Lenox - White Plains Rd,Intervale Av,Bx,2 5,Elevated,40.822181000000000,-73.896736000000004,Wakefield - Eastchester,Manhattan,"0",
"432","432","219",IRT,Lenox - White Plains Rd,Prospect Av,Bx,2 5,Elevated,40.819584999999996,-73.901769999999999,Wakefield - Eastchester,Manhattan,"0",
"433","433","220",IRT,Lenox - White Plains Rd,Jackson Av,Bx,2 5,Elevated,40.816490000000002,-73.907807000000005,Wakefield - Eastchester,Manhattan,"0",
"434","434","221",IRT,Lenox - White Plains Rd,3 Av-149 St,Bx,2 5,Subway,40.816108999999997,-73.917756999999995,Wakefield - Eastchester,Manhattan,"1",
"435","603","222",IRT,Lenox - White Plains Rd,149 St-Grand Concourse,Bx,2 5,Subway,40.818410000000000,-73.926717999999994,Wakefield - Eastchester,Manhattan,"0",
"436","436","301",IRT,Lenox - White Plains Rd,Harlem-148 St,M,"3",Subway,40.823880000000003,-73.936470000000000,,Downtown & Brooklyn,"0",
"437","437","302",IRT,Lenox - White Plains Rd,145 St,M,"3",Subway,40.820421000000003,-73.936245000000000,148 St,Downtown & Brooklyn,"0",
"438","438","224",IRT,Lenox - White Plains Rd,135 St,M,2 3,Subway,40.814228999999997,-73.940770000000001,Uptown & The Bronx,Downtown & Brooklyn,"1",
"439","439","225",IRT,Lenox - White Plains Rd,125 St,M,2 3,Subway,40.807754000000003,-73.945494999999994,Uptown & The Bronx,Downtown & Brooklyn,"0",
"440","440","226",IRT,Lenox - White Plains Rd,116 St,M,2 3,Subway,40.802098000000001,-73.949624999999997,Uptown & The Bronx,Downtown & Brooklyn,"0",
"441","441","227",IRT,Lenox - White Plains Rd,Central Park North (110 St),M,2 3,Subway,40.799075000000002,-73.951822000000007,Uptown & The Bronx,Downtown & Brooklyn,"0",
"442","442","501",IRT,Dyre Av,Eastchester-Dyre Av,Bx,"5",At Grade,40.888300000000001,-73.830833999999996,,Manhattan,"0",
"443","443","502",IRT,Dyre Av,Baychester Av,Bx,"5",Open Cut,40.878663000000003,-73.838590999999994,Eastchester - Dyre Av,Manhattan,"0",
"444","444","503",IRT,Dyre Av,Gun Hill Rd,Bx,"5",Open Cut,40.869526000000000,-73.846384000000000,Eastchester - Dyre Av,Manhattan,"1",
"445","445","504",IRT,Dyre Av,Pelham Pkwy,Bx,"5",Open Cut,40.858984999999997,-73.855359000000007,Eastchester - Dyre Av,Manhattan,"0",
"446","446","505",IRT,Dyre Av,Morris Park,Bx,"5",Open Cut,40.854363999999997,-73.860495000000000,Eastchester - Dyre Av,Manhattan,"0",
"447","447","701",IRT,Flushing,Flushing-Main St,Q,"7",Subway,40.759599999999999,-73.830029999999994,,Manhattan,"1",
"448","448","702",IRT,Flushing,Mets-Willets Point,Q,"7",Elevated,40.754621999999998,-73.845624999999998,Flushing,Manhattan,"0",
"449","449","705",IRT,Flushing,111 St,Q,"7",Elevated,40.751730000000002,-73.855333999999999,Flushing,Manhattan,"0",
"450","450","706",IRT,Flushing,103 St-Corona Plaza,Q,"7",Elevated,40.749865000000000,-73.862700000000004,Flushing,Manhattan,"0",
"451","451","707",IRT,Flushing,Junction Blvd,Q,"7",Elevated,40.749144999999999,-73.869527000000005,Flushing,Manhattan,"1",
"452","452","708",IRT,Flushing,90 St-Elmhurst Av,Q,"7",Elevated,40.748407999999998,-73.876613000000006,Flushing,Manhattan,"0",
"453","453","709",IRT,Flushing,82 St-Jackson Hts,Q,"7",Elevated,40.747658999999999,-73.883696999999998,Flushing,Manhattan,"0",
"454","616","710",IRT,Flushing,74 St-Broadway,Q,"7",Elevated,40.746848000000000,-73.891394000000005,Flushing,Manhattan,"1",
"455","455","711",IRT,Flushing,69 St,Q,"7",Elevated,40.746324999999999,-73.896403000000007,Flushing,Manhattan,"0",
"456","456","712",IRT,Flushing,Woodside-61 St,Q,"7",Elevated,40.745629999999998,-73.902984000000004,Flushing,Manhattan,"1",
"457","457","713",IRT,Flushing,52 St,Q,"7",Elevated,40.744149000000000,-73.912548999999999,Flushing,Manhattan,"0",
"458","458","714",IRT,Flushing,46 St-Bliss St,Q,"7",Elevated,40.743132000000003,-73.918435000000002,Flushing,Manhattan,"0",
"459","459","715",IRT,Flushing,40 St-Lowery St,Q,"7",Elevated,40.743780999999998,-73.924015999999995,Flushing,Manhattan,"0",
"460","460","716",IRT,Flushing,33 St-Rawson St,Q,"7",Elevated,40.744587000000003,-73.930997000000005,Flushing,Manhattan,"0",
"461","461","718",IRT,Flushing,Queensboro Plaza,Q,"7",Elevated,40.750582000000001,-73.940201999999999,Astoria - Flushing,Manhattan,"0",
"461","461",R09,BMT,Astoria,Queensboro Plaza,Q,N W,Elevated,40.750582000000001,-73.940201999999999,Astoria - Flushing,Manhattan,"0",
"462","606","719",IRT,Flushing,Court Sq,Q,"7",Elevated,40.747022999999999,-73.945263999999995,Flushing,Manhattan,"1",
"463","463","720",IRT,Flushing,Hunters Point Av,Q,"7",Subway,40.742215999999999,-73.948915999999997,Flushing,Manhattan,"0",
"464","464","721",IRT,Flushing,Vernon Blvd-Jackson Av,Q,"7",Subway,40.742626000000001,-73.953581000000000,Flushing,Manhattan,"0",
"465","610","723",IRT,Flushing,Grand Central-42 St,M,"7",Subway,40.751430999999997,-73.976040999999995,Queens,34 St - Hudson Yards,"1",
"466","609","724",IRT,Flushing,5 Av,M,"7",Subway,40.753821000000002,-73.981962999999993,Queens,34 St - Hudson Yards,"0",
"467","611","725",IRT,Flushing,Times Sq-42 St,M,"7",Subway,40.755476999999999,-73.987690999999998,Queens,34 St - Hudson Yards,"1",
"468","611","902",IRT,Lexington - Shuttle,Times Sq-42 St,M,S,Subway,40.755983000000001,-73.986228999999994,,Grand Central,"0",
"469","610","901",IRT,Lexington - Shuttle,Grand Central-42 St,M,S,Subway,40.752769000000001,-73.979189000000005,Times Sq,,"1",
"471","471","726",IRT,Flushing,34 St-Hudson Yards,M,"7",Subway,40.755882000000000,-74.001909999999995,Queens,,"1",
"475","475",Q05,IND,Second Av,96 St,M,Q,Subway,40.784317999999999,-73.947152000000003,,Downtown & Brooklyn,"1",
"476","476",Q04,IND,Second Av,86 St,M,Q,Subway,40.777890999999997,-73.951786999999996,Uptown,Downtown & Brooklyn,"1",
"477","477",Q03,IND,Second Av,72 St,M,Q,Subway,40.768799000000001,-73.958423999999994,Uptown,Downtown & Brooklyn,"1",
"501","501",S31,SIR,Staten Island,St George,SI,SIR,Open Cut,40.643748000000002,-74.073643000000004,,Tottenville,"1",
"502","502",S30,SIR,Staten Island,Tompkinsville,SI,SIR,At Grade,40.636949000000001,-74.074834999999993,St George,Tottenville,"0",
"503","503",S29,SIR,Staten Island,Stapleton,SI,SIR,Elevated,40.627915000000002,-74.075162000000006,St George,Tottenville,"0",
"504","504",S28,SIR,Staten Island,Clifton,SI,SIR,Elevated,40.621319000000000,-74.071402000000006,St George,Tottenville,"0",
"505","505",S27,SIR,Staten Island,Grasmere,SI,SIR,Open Cut,40.603116999999997,-74.084086999999997,St George,Tottenville,"0",
"506","506",S26,SIR,Staten Island,Old Town,SI,SIR,Embankment,40.596612000000000,-74.087367999999998,St George,Tottenville,"0",
"507","507",S25,SIR,Staten Island,Dongan Hills,SI,SIR,Embankment,40.588849000000003,-74.096090000000004,St George,Tottenville,"1",
"508","508",S24,SIR,Staten Island,Jefferson Av,SI,SIR,Embankment,40.583590999999998,-74.103337999999994,St George,Tottenville,"0",
"509","509",S23,SIR,Staten Island,Grant City,SI,SIR,Open Cut,40.578964999999997,-74.109703999999994,St George,Tottenville,"0",
"510","510",S22,SIR,Staten Island,New Dorp,SI,SIR,Open Cut,40.573480000000004,-74.117210000000000,St George,Tottenville,"0",
"511","511",S21,SIR,Staten Island,Oakwood Heights,SI,SIR,Open Cut,40.565109999999997,-74.126320000000007,St George,Tottenville,"0",
"512","512",S20,SIR,Staten Island,Bay Terrace,SI,SIR,Embankment,40.556399999999996,-74.136906999999994,St George,Tottenville,"0",
"513","513",S19,SIR,Staten Island,Great Kills,SI,SIR,Open Cut,40.551231000000001,-74.151398999999998,St George,Tottenville,"1",
"514","514",S18,SIR,Staten Island,Eltingville,SI,SIR,Embankment,40.544601000000000,-74.164569999999998,St George,Tottenville,"0",
"515","515",S17,SIR,Staten Island,Annadale,SI,SIR,Open Cut,40.540460000000003,-74.178217000000004,St George,Tottenville,"0",
"516","516",S16,SIR,Staten Island,Huguenot,SI,SIR,Open Cut,40.533673999999998,-74.191794000000002,St George,Tottenville,"0",
"517","517",S15,SIR,Staten Island,Prince's Bay,SI,SIR,Open Cut,40.525506999999998,-74.200063999999998,St George,Tottenville,"0",
"518","518",S14,SIR,Staten Island,Pleasant Plains,SI,SIR,Embankment,40.522410000000001,-74.217847000000006,St George,Tottenville,"0",
"519","519",S13,SIR,Staten Island,Richmond Valley,SI,SIR,Open Cut,40.519630999999997,-74.229140999999998,St George,Tottenville,"0",
"522","522",S09,SIR,Staten Island,Tottenville,SI,SIR,At Grade,40.512763999999997,-74.251960999999994,St George,,"1",
"523","523",S11,SIR,Staten Island,Arthur Kill,SI,SIR,At Grade,40.516578000000003,-74.242096000000004,St George,Tottenville,"1",
